id;adresse;type;nom
1;Object-based Mouse SDR;International;synergies Music e-services
2;Director;Checking Account AI fuchsia;Incredible Soft Hat 4th generation Washington
3;Awesome Product Viaduct;FTP Berkshire;applications Ridges
4;program Route redefine;Sausages one-to-one back-end;communities Ergonomic
5;Intelligent Global reintermediate;Concrete;B2B Jewelery Principal
6;24/365 drive firewall;bluetooth Awesome Steel Mouse synthesize;EXE
7;Grocery SMS Libyan Dinar;heuristic;Nebraska Program
8;infrastructure Tuna;Handmade Personal Loan Account;Specialist Corporate
9;applications Track redundant;Gorgeous;Berkshire Solutions Somoni
10;Yuan Renminbi Personal Loan Account Bulgaria;customized Moroccan Dirham National;Money Market Account
